{"MinimumAttackScoreAttackKey":0.8137167895015207,"ContinentOwnedPlacementKey":0.615495866415483,"BordersEnemyOwnedContinentPlacementKey":0.9960995683865475,"BordersGoalCountryPlacementKey":0.6409896248591813,"SecondCountryMinimumPlacementKey":0.4327567286283852,"WeakBorderFortifyKey":0.6359267438697815,"BorderCountryPlacementKey":0.9664154627050954,"BustEnemyContinentAttackKey":0.2803571945980778,"ContinentalBorderPlacementKey":0.10582263423797822,"ThirdCountryMinimumPlacementKey":0.7104566271079777,"InStrongestUnownedContinentPlacementKey":0.7772590109182314,"GoalContinentCountryPercentage":0.1854055097210524,"TargetInGoalContinentAttackKey":0.9267577729963544,"FirstCountryMinimumPlacementKey":0.9676701704605409,"WeakOpponentAttackKey":0.5953510507965087,"PostCardMinimumAttackScoreAttackKey":0.38418756781704577,"GoalContinentArmyPercentage":0.6376039098089652,"TargetInBestGoalContinentAttackKey":0.25241634371962207,"MajorAdvantageAttackKey":0.011352415595370398}
