{"MinimumAttackScoreAttackKey":0.38118770040641314,"ContinentOwnedPlacementKey":0.5740735399005251,"BordersEnemyOwnedContinentPlacementKey":0.9523822420267352,"BordersGoalCountryPlacementKey":0.981527463963029,"SecondCountryMinimumPlacementKey":0.17545664887507173,"WeakBorderFortifyKey":0.44588833050370213,"BorderCountryPlacementKey":0.9947195766332191,"BustEnemyContinentAttackKey":0.5316889338860689,"ContinentalBorderPlacementKey":0.08609595582039714,"ThirdCountryMinimumPlacementKey":0.6652683433931188,"InStrongestUnownedContinentPlacementKey":0.715613579617155,"GoalContinentCountryPercentage":0.7189015397204724,"TargetInGoalContinentAttackKey":0.8083237633743314,"FirstCountryMinimumPlacementKey":0.8258033616108,"WeakOpponentAttackKey":0.9624520558395423,"PostCardMinimumAttackScoreAttackKey":0.7902958932954302,"GoalContinentArmyPercentage":0.5435580419517574,"TargetInBestGoalContinentAttackKey":0.0829425484911519,"MajorAdvantageAttackKey":0.009245513248077937}
