{"MinimumAttackScoreAttackKey":0.6066413007863045,"ContinentOwnedPlacementKey":0.20370280404298968,"BordersEnemyOwnedContinentPlacementKey":0.9989030036087165,"BordersGoalCountryPlacementKey":0.9464315642274729,"SecondCountryMinimumPlacementKey":0.4483459936136755,"WeakBorderFortifyKey":0.7972588870024682,"BorderCountryPlacementKey":0.9718377420438349,"BustEnemyContinentAttackKey":0.7134238230429902,"ContinentalBorderPlacementKey":0.12219132629826251,"ThirdCountryMinimumPlacementKey":0.5074161462324488,"InStrongestUnownedContinentPlacementKey":0.6208970676090093,"GoalContinentCountryPercentage":0.39305461531124974,"TargetInGoalContinentAttackKey":0.5244209511782485,"FirstCountryMinimumPlacementKey":0.3925796403855204,"WeakOpponentAttackKey":0.6387726294922829,"PostCardMinimumAttackScoreAttackKey":0.5185207029895017,"GoalContinentArmyPercentage":0.09174873874687406,"TargetInBestGoalContinentAttackKey":0.10648814500671555,"MajorAdvantageAttackKey":0.011242350059745587}
