{
  "MinimumAttackScoreAttackKey": 0.000704532933007884,
  "ContinentOwnedPlacementKey": 0.9416081372807767,
  "BordersEnemyOwnedContinentPlacementKey": 0.6767254620205723,
  "BordersGoalCountryPlacementKey": 0.9179736209306961,
  "SecondCountryMinimumPlacementKey": 0.739061073902255,
  "WeakBorderFortifyKey": 0.3261107512319088,
  "BorderCountryPlacementKey": 0.9501429854736425,
  "BustEnemyContinentAttackKey": 0.35023950709168883,
  "ContinentalBorderPlacementKey": 0.29514072815222264,
  "ThirdCountryMinimumPlacementKey": 0.7781889037863494,
  "InStrongestUnownedContinentPlacementKey": 0.580981074968453,
  "GoalContinentCountryPercentage": 0.7718196363553438,
  "TargetInGoalContinentAttackKey": 0.876054916278765,
  "FirstCountryMinimumPlacementKey": 0.8872774296117526,
  "WeakOpponentAttackKey": 0.8073706304141448,
  "PostCardMinimumAttackScoreAttackKey": 0.6920691535559444,
  "GoalContinentArmyPercentage": 0.822649615668105,
  "TargetInBestGoalContinentAttackKey": 0.25502994889707153,
  "MajorAdvantageAttackKey": 0.058764019722443994
}
