{"MinimumAttackScoreAttackKey":0.0077476243198205145,"ContinentOwnedPlacementKey":0.8350208264099921,"BordersEnemyOwnedContinentPlacementKey":0.8867358961340668,"BordersGoalCountryPlacementKey":0.7594308907842393,"SecondCountryMinimumPlacementKey":0.16010352228415453,"WeakBorderFortifyKey":0.3906765239049825,"BorderCountryPlacementKey":0.9988805957007717,"BustEnemyContinentAttackKey":0.12904919101023304,"ContinentalBorderPlacementKey":0.2586217163808,"ThirdCountryMinimumPlacementKey":0.3533728615084545,"InStrongestUnownedContinentPlacementKey":0.6106918232800347,"GoalContinentCountryPercentage":0.6813064208726232,"TargetInGoalContinentAttackKey":0.9311576170379439,"FirstCountryMinimumPlacementKey":0.7933753574857999,"WeakOpponentAttackKey":0.6269468554687501,"PostCardMinimumAttackScoreAttackKey":0.37890284423074766,"GoalContinentArmyPercentage":0.49368805877874505,"TargetInBestGoalContinentAttackKey":0.48740985817980825,"MajorAdvantageAttackKey":0.04570019335531329}
