{"MinimumAttackScoreAttackKey":0.052570021414389254,"ContinentCloseCountryPercentAttackKey":0.43581312680883066,"EnemyContinentScoreEurope":0.5100508494718127,"SecondCountryMinimumPlacementKey":0.13962302641621424,"ContinentOwnershipCloseAttackKey":0.89072717434293,"ContinentalBorderPlacementKey":0.4400483365736799,"ThirdCountryMinimumPlacementKey":0.2640780801890215,"GoalContinentCountryPercentage":0.9315771920898583,"FirstCountryMinimumPlacementKey":0.8906617541624429,"PostCardMinimumAttackScoreAttackKey":0.5836763869804262,"GoalContinentArmyPercentage":0.27941457910039713,"TargetInBestGoalContinentAttackKey":0.15309908543021972,"MajorAdvantageAttackKey":0.6917253893294016,"ContinentOwnedPlacementKey":0.5811027974237419,"ContinentScoreEurope":0.11851372455257192,"ContinentScoreAfrica":0.027787345338073498,"BordersEnemyOwnedContinentPlacementKey":0.85121471175634,"ContinentCloseArmyPercentAttackKey":0.5683562500000001,"BordersGoalCountryPlacementKey":0.8607861081613878,"WeakBorderFortifyKey":0.20369911578679362,"ContinentScoreAsia":0.057185553865381364,"BorderCountryPlacementKey":0.7098969746903445,"BustEnemyContinentAttackKey":0.8555050016814625,"EnemyContinentScoreNorthAmerica":0.7542861242149543,"ContinentScoreSouthAmerica":0.903446265751016,"EnemyContinentScoreAustralia":0.7263360635423051,"EnemyContinentScoreSouthAmerica":0.35239602691117866,"InStrongestUnownedContinentPlacementKey":0.7325111828775677,"EnemyContinentScoreAsia":0.39598219634749543,"TargetInGoalContinentAttackKey":0.2316189680898705,"WeakOpponentAttackKey":0.9721242900376821,"ContinentScoreNorthAmerica":0.6651298465973516,"EnemyContinentScoreAfrica":0.4109170321589485,"ContinentScoreAustralia":0.7440300179693022}
