{"MinimumAttackScoreAttackKey":0.15045154993163307,"ContinentCloseCountryPercentAttackKey":0.6114382477099334,"EnemyContinentScoreEurope":0.39286597012919466,"SecondCountryMinimumPlacementKey":0.813656863088556,"ContinentOwnershipCloseAttackKey":0.2941022721049056,"ContinentalBorderPlacementKey":0.21552525231494946,"ThirdCountryMinimumPlacementKey":0.456677781840768,"GoalContinentCountryPercentage":0.2997704847877159,"FirstCountryMinimumPlacementKey":0.9610704476621943,"PostCardMinimumAttackScoreAttackKey":0.839391435307272,"GoalContinentArmyPercentage":0.45724542836200266,"TargetInBestGoalContinentAttackKey":0.8563965216222942,"MajorAdvantageAttackKey":0.0503202310355913,"ContinentOwnedPlacementKey":0.27575691175326644,"ContinentScoreEurope":0.021234706359242878,"ContinentScoreAfrica":0.5335502216354794,"BordersEnemyOwnedContinentPlacementKey":0.6517565923513091,"ContinentCloseArmyPercentAttackKey":0.20579085135165837,"BordersGoalCountryPlacementKey":0.09428634577401429,"WeakBorderFortifyKey":0.5156529185407656,"ContinentScoreAsia":7.88399306990577E-4,"BorderCountryPlacementKey":0.8307742223613775,"BustEnemyContinentAttackKey":0.4982046840202695,"EnemyContinentScoreNorthAmerica":0.7816528495430617,"ContinentScoreSouthAmerica":0.8121956131349629,"EnemyContinentScoreAustralia":0.9889920058512104,"EnemyContinentScoreSouthAmerica":0.3821273538559446,"InStrongestUnownedContinentPlacementKey":0.3164764754525985,"EnemyContinentScoreAsia":0.2427643552807962,"TargetInGoalContinentAttackKey":0.45188923817731125,"WeakOpponentAttackKey":0.5768994783647953,"ContinentScoreNorthAmerica":0.634890853111675,"EnemyContinentScoreAfrica":0.36455509242591283,"ContinentScoreAustralia":0.9244217220817097}
