{"MinimumAttackScoreAttackKey":0.1648818944578485,"WeakOpponentDesirabilityBonus":0.4624962997343685,"ContinentCloseCountryPercentAttackKey":0.012228935864287211,"EnemyContinentScoreEurope":0.6550455112261272,"SecondCountryMinimumPlacementKey":0.36940983439089276,"ContinentOwnershipCloseAttackKey":0.6153064834832297,"ThirdCountryMinimumPlacementKey":0.9212868549877413,"GoalContinentCountryPercentage":0.7955766500052431,"FirstCountryMinimumPlacementKey":0.8935063071300217,"PostCardMinimumAttackScoreAttackKey":0.8266642726993635,"GoalContinentArmyPercentage":0.6353279038348112,"TargetInBestGoalContinentAttackKey":0.8994497530511807,"MajorAdvantageAttackKey":0.01819234364814531,"WeakOpponentMaximumKey":0.9334592644105424,"ContinentScoreEurope":0.0017008608280705071,"ContinentScoreAfrica":0.003285998214084533,"ContinentCloseArmyPercentAttackKey":0.4394310390399252,"WeakBorderFortifyKey":0.8796769878529178,"ContinentScoreAsia":0.019678772042790574,"BustEnemyContinentAttackKey":0.13104038550311295,"EnemyContinentScoreNorthAmerica":0.5900562227772439,"ContinentScoreSouthAmerica":0.19515450791656624,"EnemyContinentScoreAustralia":0.5999754533571381,"EnemyContinentScoreSouthAmerica":0.4837997804331367,"EnemyContinentScoreAsia":0.6869700707909512,"WeakOpponentAttackKey":0.623823658854213,"ContinentScoreNorthAmerica":0.026060689293078337,"EnemyContinentScoreAfrica":0.21264486924958143,"ContinentScoreAustralia":0.7851401714232116}