{"MinimumAttackScoreAttackKey":0.14508835594026043,"WeakOpponentDesirabilityBonus":0.49902961837333115,"ContinentCloseCountryPercentAttackKey":0.04323095881024845,"EnemyContinentScoreEurope":0.38336237059620676,"SecondCountryMinimumPlacementKey":0.700934167043523,"ContinentOwnershipCloseAttackKey":0.5635626192134195,"ThirdCountryMinimumPlacementKey":0.40840294182694536,"GoalContinentCountryPercentage":0.5519290501787575,"FirstCountryMinimumPlacementKey":0.8433616973576382,"PostCardMinimumAttackScoreAttackKey":0.7943582367726884,"GoalContinentArmyPercentage":0.3846481485747471,"TargetInBestGoalContinentAttackKey":0.6970307249883827,"MajorAdvantageAttackKey":0.02547212230744339,"WeakOpponentMaximumKey":0.4057855774777974,"ContinentScoreEurope":0.05835558457616975,"ContinentScoreAfrica":0.07721638295627094,"ContinentCloseArmyPercentAttackKey":0.0630456764335265,"WeakBorderFortifyKey":0.7167137390468834,"ContinentScoreAsia":0.08068821992898707,"BustEnemyContinentAttackKey":0.7429095502764352,"EnemyContinentScoreNorthAmerica":0.23834919086632916,"ContinentScoreSouthAmerica":0.97438007785467,"EnemyContinentScoreAustralia":0.6653093369574151,"EnemyContinentScoreSouthAmerica":0.30275307083937086,"EnemyContinentScoreAsia":0.41596767193964446,"WeakOpponentAttackKey":0.6031167403373343,"ContinentScoreNorthAmerica":0.4368737351774336,"EnemyContinentScoreAfrica":0.7780119278855699,"ContinentScoreAustralia":0.9701330794206836}
