{"MinimumAttackScoreAttackKey":0.006232240930962065,"ContinentCloseCountryPercentAttackKey":0.40143495501658105,"EnemyContinentScoreEurope":0.5816023246197888,"SecondCountryMinimumPlacementKey":0.6122997756543951,"ContinentOwnershipCloseAttackKey":0.24307991846325783,"ContinentalBorderPlacementKey":0.8546738124388881,"ThirdCountryMinimumPlacementKey":0.8574715910166466,"GoalContinentCountryPercentage":0.8815078572979768,"FirstCountryMinimumPlacementKey":0.9503798105746675,"PostCardMinimumAttackScoreAttackKey":0.668239676014803,"GoalContinentArmyPercentage":0.14470878122599848,"TargetInBestGoalContinentAttackKey":0.5216779639449998,"MajorAdvantageAttackKey":0.02293812812485134,"ContinentOwnedPlacementKey":0.7478423593699111,"ContinentScoreEurope":0.07012958072482534,"ContinentScoreAfrica":0.10061924906795389,"BordersEnemyOwnedContinentPlacementKey":0.8289609695725473,"ContinentCloseArmyPercentAttackKey":0.24768032050132746,"BordersGoalCountryPlacementKey":0.21006411069263003,"WeakBorderFortifyKey":0.9960592439678365,"ContinentScoreAsia":0.01846471826459424,"BorderCountryPlacementKey":0.4697028470894175,"BustEnemyContinentAttackKey":0.43488774355848436,"EnemyContinentScoreNorthAmerica":0.3394133503047796,"ContinentScoreSouthAmerica":0.4696265865122685,"EnemyContinentScoreAustralia":0.6581718546518535,"EnemyContinentScoreSouthAmerica":0.4166882315553532,"InStrongestUnownedContinentPlacementKey":0.6085878811089177,"EnemyContinentScoreAsia":0.5545415132860059,"TargetInGoalContinentAttackKey":0.7467922610608613,"WeakOpponentAttackKey":0.1226154742316091,"ContinentScoreNorthAmerica":0.707344420983282,"EnemyContinentScoreAfrica":0.4218563224721401,"ContinentScoreAustralia":0.9404702191583811}
