{"MinimumAttackScoreAttackKey":0.31678466564003643,"ContinentCloseCountryPercentAttackKey":0.9310863869860564,"EnemyContinentScoreEurope":0.5179895703644993,"SecondCountryMinimumPlacementKey":0.4646851085900445,"ContinentOwnershipCloseAttackKey":0.6039404847623037,"ContinentalBorderPlacementKey":0.6502299387171181,"ThirdCountryMinimumPlacementKey":0.4719122025537615,"GoalContinentCountryPercentage":0.9244234422789728,"FirstCountryMinimumPlacementKey":0.7799027131374853,"PostCardMinimumAttackScoreAttackKey":0.665903675943305,"GoalContinentArmyPercentage":0.3482422002901687,"TargetInBestGoalContinentAttackKey":0.17298574784447074,"MajorAdvantageAttackKey":0.007492378179696245,"ContinentOwnedPlacementKey":0.7327632423084136,"ContinentScoreEurope":0.06580145453068513,"ContinentScoreAfrica":0.029457151680780586,"BordersEnemyOwnedContinentPlacementKey":0.46559062274761326,"ContinentCloseArmyPercentAttackKey":0.9471025225352496,"BordersGoalCountryPlacementKey":0.6803480072271586,"WeakBorderFortifyKey":0.6344675686997445,"ContinentScoreAsia":0.025870983820864838,"BorderCountryPlacementKey":0.6760793628842625,"BustEnemyContinentAttackKey":0.6945429220494379,"EnemyContinentScoreNorthAmerica":0.20497750517098756,"ContinentScoreSouthAmerica":0.977061745022286,"EnemyContinentScoreAustralia":0.16630082382745953,"EnemyContinentScoreSouthAmerica":0.43533424655127684,"InStrongestUnownedContinentPlacementKey":0.15856283791546943,"EnemyContinentScoreAsia":0.19651376685928057,"TargetInGoalContinentAttackKey":0.5567216761421626,"WeakOpponentAttackKey":0.5937547062089737,"ContinentScoreNorthAmerica":0.8728526081993216,"EnemyContinentScoreAfrica":0.48075156407445235,"ContinentScoreAustralia":0.8160795713952532}
