{
  "MinimumAttackScoreAttackKey": 0.0005367869965774354,
  "ContinentOwnedPlacementKey": 0.5108529455533976,
  "BordersEnemyOwnedContinentPlacementKey": 0.6767254620205723,
  "BordersGoalCountryPlacementKey": 0.8534736205519374,
  "SecondCountryMinimumPlacementKey": 0.6991383466343049,
  "WeakBorderFortifyKey": 0.42321323766946795,
  "BorderCountryPlacementKey": 0.9697086194560922,
  "BustEnemyContinentAttackKey": 0.5208029194060928,
  "ContinentalBorderPlacementKey": 0.40323396008847195,
  "ThirdCountryMinimumPlacementKey": 0.8274926258190349,
  "InStrongestUnownedContinentPlacementKey": 0.489144387867604,
  "GoalContinentCountryPercentage": 0.18931590905665727,
  "TargetInGoalContinentAttackKey": 0.8366129954369327,
  "FirstCountryMinimumPlacementKey": 0.5708231820613061,
  "WeakOpponentAttackKey": 0.8973144481390571,
  "PostCardMinimumAttackScoreAttackKey": 0.16237390051957046,
  "GoalContinentArmyPercentage": 0.5448719634342073,
  "TargetInBestGoalContinentAttackKey": 0.13841383289703832,
  "MajorAdvantageAttackKey": 0.058663756160699
}
